wavelength,intensity
178.85863,17.620995621110854
179.23769583230757,27012.98628716294
179.6167331984804,1570.7858953675961
179.9957420823939,1507.853768149343
180.3747224679233,1570.7858953675961
180.75367433894397,1505.336483060613
181.13259767933113,1558.1994699239456
181.51149247296019,1608.545171698548
181.89035870370637,1535.5439041253744
182.26919635544505,1555.6821848352156
182.6480054120515,1623.6488822309288
183.02678585740105,1616.0970269647385
183.40553767536898,1595.9587462548975
183.78426084983064,1598.4760313436275
184.16295536466131,1648.82173311823
184.54162120373633,1668.960013828071
184.92025835093094,1689.098294537912
185.2988667901205,1689.098294537912
185.67744650518037,1661.4081585618806
186.05599747998573,1741.9612814012446
186.434519698412,1837.6181147729892
186.81301314433443,1782.2378428209265
187.19147780162837,1807.4106937082277
187.56991365416914,1822.5144042406084
187.94832068583193,1787.2724129983867
188.32669888049222,1880.4119612814013
188.70504822202517,1827.5489744180686
189.08336869430616,1799.8588384420373
189.46166028121053,1832.583544595529
189.83992296661353,1920.6885227010832
190.2181567343905,1953.4132288545748
190.59636156841674,1935.792233233464
190.97453745256755,1948.3786586771146
191.35268437071826,1882.9292463701313
191.73080230674415,1903.0675270799723
192.10889124452058,1968.5169393869555
192.48695116792277,1986.1379350080663
192.86498206082615,1935.792233233464
193.2429839071059,1963.4823692094953
193.62095669063743,1973.5515095644157
193.99890039529598,2001.241645540447
194.3768150049569,1910.6193823461626
194.75470050349554,1945.8613735883844
195.13255687478713,2013.8280709840976
195.51038410270698,1998.724360451717
195.88818217113044,2039.000921871399
196.2659510639328,2028.9317815164784
196.6436907649894,1945.8613735883844
197.02140125817547,1978.5860797418761
197.39908252736643,1925.7230928785434
197.7767345564375,2011.3107858953676
198.15435732926403,1996.2070753629869
198.53195082972135,1940.8268034109242
198.90951504168467,1976.068794653146
199.2870499490294,2056.62191749251
199.66455553563083,1923.2058077898134
200.0420317853642,2006.2762157179075
200.41947868210494,1963.4823692094953
200.79689620972826,1996.2070753629869
201.17428435210954,1935.792233233464
201.551643093124,1998.724360451717
201.928972416647,2006.2762157179075
202.3062723065539,1968.5169393869555
202.68354274671992,2001.241645540447
203.06078372102044,2016.3453560728278
203.43799521333068,1981.103364830606
203.81517720752606,2026.4144964277484
204.1923296874818,2031.4490666052086
204.56945263707325,1988.6552200967965
204.9465460401757,1950.8959437658448
205.3236098806645,1943.3440884996544
205.70064414241492,1960.9650841207651
206.0776488093023,1908.1020972574327
206.45462386520188,1910.6193823461626
206.83156929398902,1948.3786586771146
207.20848507953906,1928.2403779672736
207.58537120572726,1963.4823692094953
207.96222765642895,1960.9650841207651
208.33905441551943,1963.4823692094953
208.71585146687403,1965.9996542982253
209.092618794368,1895.5156718137819
209.46935638187674,1933.2749481447338
209.84606421327544,1998.724360451717
210.22274227243955,1973.5515095644157
210.59939054324425,2011.3107858953676
210.9760090095649,1935.792233233464
211.3525976552769,1963.4823692094953
211.72915646425542,1935.792233233464
212.10568542037583,1988.6552200967965
212.4821845075134,2039.000921871399
212.8586537095435,1996.2070753629869
213.2350930103414,1998.724360451717
213.61150239378244,1971.0342244756857
213.9878818437419,2016.3453560728278
214.36423134409512,2016.3453560728278
214.7405508787173,1991.1725051855267
215.1168404314839,1925.7230928785434
215.49309998627015,1933.2749481447338
215.8693295269514,2001.241645540447
216.2455290374029,1996.2070753629869
216.6216985015,1958.447799032035
216.997837903118,1965.9996542982253
217.37394722613223,2008.7935008066374
217.75002645441793,1882.9292463701313
218.1260755718505,2021.379926250288
218.5020945623052,1996.2070753629869
218.87808340965734,2021.379926250288
219.25404209778222,2031.4490666052086
219.62997061055518,1933.2749481447338
220.0058689318515,1978.5860797418761
220.38173704554654,1920.6885227010832
220.7575749355155,1988.6552200967965
221.1333825856338,2023.8972113390182
221.5091599797767,1983.6206499193363
221.8849071018195,1965.9996542982253
222.26062393563754,2003.7589306291773
222.63631046510616,2001.241645540447
223.01196667410056,2013.8280709840976
223.38759254649617,2033.9663516939388
223.76318806616817,1996.2070753629869
224.138753216992,1993.6897902742567
224.5142879828429,2003.7589306291773
224.88979234759617,1958.447799032035
225.26526629512716,1988.6552200967965
225.64070980931115,2051.5873473150496
226.01612287402344,1998.724360451717
226.39150547313938,1898.032956902512
226.76685759053422,1960.9650841207651
227.14217921008333,2021.379926250288
227.51747031566197,1963.4823692094953
227.8927308911455,1986.1379350080663
228.2679609204092,2006.2762157179075
228.64316038732835,2013.8280709840976
229.01832927577829,1958.447799032035
229.39346756963437,2039.000921871399
229.7685752527718,1981.103364830606
230.14365230906597,1981.103364830606
230.51869872239217,1953.4132288545748
230.89371447662572,1991.1725051855267
231.2686995556419,2016.3453560728278
231.643653943316,1933.2749481447338
232.01857762352336,1978.5860797418761
232.39347058013934,1993.6897902742567
232.7683327970392,1923.2058077898134
233.14316425809818,1950.8959437658448
233.51796494719167,1978.5860797418761
233.892734848195,1971.0342244756857
234.26747394498344,2023.8972113390182
234.64218222143228,2003.7589306291773
235.01685966141687,2033.9663516939388
235.3915062488125,1986.1379350080663
235.76612196749448,1948.3786586771146
236.14070680133815,1968.5169393869555
236.5152607342187,1978.5860797418761
236.88978375001162,2003.7589306291773
237.26427583259206,1930.7576630560036
237.63873696583542,1910.6193823461626
238.01316713361697,1930.7576630560036
238.38756631981207,1996.2070753629869
238.76193450829598,1998.724360451717
239.136271682944,2023.8972113390182
239.51057782763147,1968.5169393869555
239.8848529262337,1892.998386725052
240.25909696262596,1986.1379350080663
240.63330992068362,2006.2762157179075
241.0074917842819,2054.1046324037798
241.38164253729624,1935.792233233464
241.75576216360184,1948.3786586771146
242.12985064707408,2001.241645540447
242.50390797158815,2021.379926250288
242.8779341210195,1988.6552200967965
243.25192907924335,2021.379926250288
243.62589283013503,2056.62191749251
243.99982535756993,1968.5169393869555
244.37372664542323,2008.7935008066374
244.74759667757033,1981.103364830606
245.12143543788648,2049.0700622263194
245.495242910247,2006.2762157179075
245.86901907852723,1945.8613735883844
246.24276392660246,1960.9650841207651
246.616477438348,2018.862641161558
246.99015959763918,1986.1379350080663
247.36381038835125,2011.3107858953676
247.7374297943596,2001.241645540447
248.11101779953947,1968.5169393869555
248.48457438776617,1996.2070753629869
248.85809954291508,1930.7576630560036
249.23159324886146,1973.5515095644157
249.6050554894806,2044.0354920488592
249.97848624864787,2001.241645540447
250.3518855102385,1940.8268034109242
250.72525325812785,2008.7935008066374
251.09858947619125,1993.6897902742567
251.4718941483039,2003.7589306291773
251.8451672583413,2079.277483291081
252.21840879017856,1963.4823692094953
252.59161872769113,1996.2070753629869
252.96479705475423,2008.7935008066374
253.33794375524317,2013.8280709840976
253.71105881303333,2031.4490666052086
254.084142212,2018.862641161558
254.45719393601843,2066.6910578474303
254.83021396896402,2011.3107858953676
255.20320229471199,1993.6897902742567
255.57615889713767,2003.7589306291773
255.94908376011645,2066.6910578474303
256.3219768675235,2011.3107858953676
256.6948382032343,2059.1392025812397
257.06766775112396,2003.7589306291773
257.4404654950679,1958.447799032035
257.81323141894154,1996.2070753629869
258.18596550661994,1963.4823692094953
258.55866774197864,1991.1725051855267
258.93133810889276,2008.7935008066374
259.3039765912377,2001.241645540447
259.67658317288885,1960.9650841207651
260.04915783772134,1963.4823692094953
260.4217005696106,2013.8280709840976
260.79421135243194,2006.2762157179075
261.16669017006063,2013.8280709840976
261.53913700637196,1993.6897902742567
261.9115518452414,2039.000921871399
262.283934670544,2033.9663516939388
262.6562854661552,2006.2762157179075
263.02860421595034,2003.7589306291773
263.4008909038047,1978.5860797418761
263.7731455135936,1976.068794653146
264.1453680291923,2039.000921871399
264.51755843447614,2021.379926250288
264.88971671332047,1968.5169393869555
265.2618428496005,1976.068794653146
265.6339368271917,1965.9996542982253
266.00599862996916,2011.3107858953676
266.3780282418084,2023.8972113390182
266.75002564658456,1986.1379350080663
267.121990828173,1971.0342244756857
267.4939237704492,1971.0342244756857
267.8658244572882,1993.6897902742567
268.23769287256556,1978.5860797418761
268.60952900015633,1940.8268034109242
268.981332823936,2028.9317815164784
269.3531043277798,2013.8280709840976
269.72484349556316,2033.9663516939388
270.0965503111612,2031.4490666052086
270.4682247584494,2033.9663516939388
270.83986682130296,1935.792233233464
271.2114764835972,1958.447799032035
271.58305372920745,1968.5169393869555
271.9545985420091,2013.8280709840976
272.32611090587733,2008.7935008066374
272.6975908046875,2036.4836367826688
273.0690382223149,2041.518206960129
273.44045314263496,2031.4490666052086
273.81183554952275,2049.0700622263194
274.18318542685387,2066.6910578474303
274.5545027585033,2006.2762157179075
274.92578752834663,2003.7589306291773
275.2970397202591,1983.6206499193363
275.6682593181159,1991.1725051855267
276.03944630579247,1996.2070753629869
276.410600667164,2006.2762157179075
276.78172238610597,2054.1046324037798
277.15281144649344,2028.9317815164784
277.52386783220203,1998.724360451717
277.8948915271068,1981.103364830606
278.2658825150832,1986.1379350080663
278.6368407800064,2033.9663516939388
279.0077663057519,2016.3453560728278
279.3786590761949,1996.2070753629869
279.74951907521057,1968.5169393869555
280.12034628667453,2016.3453560728278
280.4911406944618,2064.1737727587
280.8619022824479,1991.1725051855267
281.23263103450796,2041.518206960129
281.60332693451744,2016.3453560728278
281.9739899663516,1991.1725051855267
282.34462011388564,2008.7935008066374
282.71521736099504,1978.5860797418761
283.08578169155504,1978.5860797418761
283.4563130894409,1976.068794653146
283.82681153852803,2049.0700622263194
284.1972770226916,1996.2070753629869
284.56770952580706,2016.3453560728278
284.9381090317496,2011.3107858953676
285.3084755243947,1991.1725051855267
285.67880898761746,2001.241645540447
286.04910940529334,2051.5873473150496
286.4193767612975,2041.518206960129
286.7896110395054,2008.7935008066374
287.1598122237923,1988.6552200967965
287.5299802980335,1953.4132288545748
287.90011524610435,1948.3786586771146
288.2702170518801,1963.4823692094953
288.640285699236,1955.930513943305
289.0103211720475,2056.62191749251
289.3803234541898,2049.0700622263194
289.75029252953834,2036.4836367826688
290.1202283819683,2023.8972113390182
290.49013099535495,2046.5527771375894
290.86000035357375,1971.0342244756857
291.22983644050004,2016.3453560728278
291.5996392400089,2001.241645540447
291.96940873597583,1973.5515095644157
292.339144912276,2021.379926250288
292.7088477527849,2064.1737727587
293.07851724137765,1965.9996542982253
293.4481533619297,2089.3466236460013
293.8177560983163,2059.1392025812397
294.18732543441274,2033.9663516939388
294.5568613540944,1983.6206499193363
294.92636384123654,2006.2762157179075
295.2958328797144,2026.4144964277484
295.6652684534034,1981.103364830606
296.0346705461788,2044.0354920488592
296.4040391419159,2008.7935008066374
296.77337422449006,2006.2762157179075
297.14267577777656,1981.103364830606
297.5119437856507,2028.9317815164784
297.8811782319878,1983.6206499193363
298.2503791006631,1965.9996542982253
298.619546375552,1960.9650841207651
298.9886800405298,1998.724360451717
299.35778007947175,2016.3453560728278
299.7268464762533,2018.862641161558
300.0958792147495,2021.379926250288
300.46487827883595,2018.862641161558
300.8338436523878,2001.241645540447
301.2027753192803,1996.2070753629869
301.57167326338896,2006.2762157179075
301.9405374685889,1998.724360451717
302.30936791875547,1976.068794653146
302.6781645977641,2089.3466236460013
303.04692748949,2071.7256280248907
303.4156565778084,1965.9996542982253
303.7843518465948,2051.5873473150496
304.15301327972435,1915.653952523623
304.52164086107246,2021.379926250288
304.8902345745143,2008.7935008066374
305.2587944039254,2001.241645540447
305.6273203331808,1943.3440884996544
305.99581234615596,2026.4144964277484
306.36427042672625,1988.6552200967965
306.7326945587669,1976.068794653146
307.1010847261533,1968.5169393869555
307.4694409127606,1993.6897902742567
307.8377631024642,2016.3453560728278
308.2060512791394,2056.62191749251
308.5743054266615,1991.1725051855267
308.94252552890583,2086.829338557271
309.3107115697478,2039.000921871399
309.6788635330625,2001.241645540447
310.04698140272535,2036.4836367826688
310.4150651626117,2013.8280709840976
310.78311479659686,2031.4490666052086
311.15113028855603,2006.2762157179075
311.5191116223646,2044.0354920488592
311.8870587818978,1986.1379350080663
312.25497175103106,1958.447799032035
312.6228505136397,1968.5169393869555
312.99069505359887,1976.068794653146
313.35850535478403,1978.5860797418761
313.72628140107037,1981.103364830606
314.0940231763333,2011.3107858953676
314.4617306644481,1955.930513943305
314.8294038492901,2086.829338557271
315.1970427147345,1971.0342244756857
315.5646472446566,1948.3786586771146
315.93221742293196,1973.5515095644157
316.29975323343564,1991.1725051855267
316.66725466004306,2041.518206960129
317.03472168662955,2023.8972113390182
317.4021542970703,1991.1725051855267
317.7695524752407,2023.8972113390182
318.136916205016,2044.0354920488592
318.5042454702716,2028.9317815164784
318.87154025488286,1983.6206499193363
319.23880054272485,2013.8280709840976
319.6060263176731,2013.8280709840976
319.97321756360276,2049.0700622263194
320.34037426438937,1991.1725051855267
320.707496403908,1968.5169393869555
321.0745839660341,2003.7589306291773
321.4416369346428,2064.1737727587
321.80865529360966,1986.1379350080663
322.17563902680985,1968.5169393869555
322.5425881181188,1981.103364830606
322.9095025514115,2049.0700622263194
323.2763823105636,2064.1737727587
323.6432273794502,2041.518206960129
324.01003774194675,1976.068794653146
324.3768133819285,1983.6206499193363
324.7435542832708,1965.9996542982253
325.11026042984884,2074.2429131136205
325.476931805538,2064.1737727587
325.84356839421366,2021.379926250288
326.21017017975106,2054.1046324037798
326.57673714602555,2026.4144964277484
326.9432692769123,2013.8280709840976
327.3097665562868,2013.8280709840976
327.6762289680242,2018.862641161558
328.042656496,2089.3466236460013
328.4090491240894,2001.241645540447
328.77540683616763,1978.5860797418761
329.1417296161101,2049.0700622263194
329.50801744779204,2091.8639087347315
329.87427031508895,2011.3107858953676
330.2404882018759,2018.862641161558
330.60667109202836,2001.241645540447
330.97281896942155,2021.379926250288
331.33893181793087,1998.724360451717
331.7050096214315,2033.9663516939388
332.07105236379886,2051.5873473150496
332.4370600289082,1993.6897902742567
332.8030326006349,1988.6552200967965
333.1689700628541,2016.3453560728278
333.53487239944127,2044.0354920488592
333.9007395942718,2039.000921871399
334.26657163122076,2003.7589306291773
334.63236849416353,2036.4836367826688
334.99813016697556,2081.794768379811
335.36385663353195,2013.8280709840976
335.7295478777082,2081.794768379811
336.0952038833796,2028.9317815164784
336.46082463442133,2001.241645540447
336.8264101147088,2074.2429131136205
337.1919603081172,1963.4823692094953
337.55747519852196,1983.6206499193363
337.92295476979837,2026.4144964277484
338.28839900582176,2013.8280709840976
338.6538078904673,2084.3120534685413
339.01918140761046,2013.8280709840976
339.3845195411265,1973.5515095644157
339.7498222748908,2031.4490666052086
340.11508959277853,2003.7589306291773
340.48032147866496,2039.000921871399
340.84551791642554,2039.000921871399
341.21067888993554,1998.724360451717
341.57580438307036,1993.6897902742567
341.9408943797051,2044.0354920488592
342.30594886371523,1986.1379350080663
342.670967818976,2016.3453560728278
343.0359512293627,2076.7601982023507
343.40089907875074,2064.1737727587
343.7658113510153,2018.862641161558
344.13068803003176,2066.6910578474303
344.4955290996754,2091.8639087347315
344.8603345438216,2031.4490666052086
345.2251043463456,2049.0700622263194
345.5898384911227,2041.518206960129
345.95453696202827,2036.4836367826688
346.31919974293754,1993.6897902742567
346.68382681772584,2064.1737727587
347.04841817026846,2056.62191749251
347.41297378444085,2033.9663516939388
347.77749364411824,2061.65648766997
348.1419777331758,2023.8972113390182
348.506426035489,2059.1392025812397
348.8708385349331,2046.5527771375894
349.23521521538345,2089.3466236460013
349.5995560607153,2018.862641161558
349.96386105480406,1998.724360451717
350.32813018152484,2061.65648766997
350.69236342475307,2076.7601982023507
351.05656076836414,2056.62191749251
351.42072219623327,2026.4144964277484
351.7848476922357,2061.65648766997
352.1489372402469,2084.3120534685413
352.512990824142,2112.0021894445727
352.8770084277965,2046.5527771375894
353.24099003508553,2051.5873473150496
353.60493562988455,2094.3811938234617
353.9688451960687,2079.277483291081
354.33271871751344,2079.277483291081
354.696556178094,2152.2787508642546
355.0603575616858,2114.5194745333024
355.4241228521641,2104.450334178382
355.7878520334041,2162.347891219175
356.1515450892811,2288.212145655681
356.5152020036706,2280.6602903894905
356.8788227604478,2300.7985710993316
357.242407343488,2351.144272873934
357.6059557366665,2416.5936851809174
357.96946792385864,2555.044365061074
358.3329438889397,2630.5629177229775
358.69638361578507,2746.3580318045633
359.05978708826996,2826.911154643927
359.42315429026974,2904.9469923945608
359.78648520565963,3066.053238073289
360.149779818315,3204.5039179534456
360.51303811211125,3488.957132979949
360.8762600709235,3559.4411154643926
361.23944567862725,3884.1708919105786
361.60259491909767,4095.622839363909
361.9657077762101,4357.420488591842
362.3287842338399,4855.842936160406
362.6918242758623,5052.191173081355
363.05482788615274,5613.545747868173
363.41779504858636,6066.657063839594
363.7807257470386,6555.0103710532385
364.14361996538463,7111.330375662595
364.5064776875,7818.687485595759
364.86929889725985,8339.765498962895
365.23208357853946,9190.607858953676
365.5948317152141,9631.132749481447
365.95754329115925,10403.939271721594
366.3202182902502,11144.02108780825
366.68285669636214,11526.64842129523
367.04545849337046,11801.032495966812
367.4080236651504,12050.243719751095
367.77055219557724,11793.480640700622
368.13304406852643,12027.588153952523
368.4954992678733,12193.728969808712
368.857917777493,11952.06960129062
369.22029958126086,11685.237381885227
369.5826446630523,11310.161903664439
369.94495300674254,11350.43846508412
370.30722459620694,10698.461627103019
370.6694594153208,10441.698548052547
371.03165744795933,9940.758815395253
371.39381867799796,9663.85745563494
371.755943089312,9291.29926250288
372.1180306657767,8777.773104401937
372.4800813912674,8528.561880617654
372.8420952496594,8037.69128831528
373.20407222482794,7647.512099562111
373.5660123006484,7189.366213413229
373.92791546099613,6857.084581700853
374.2897816897464,6514.733809633556
374.6516109707746,6235.3151647845125
375.0134032879558,5852.687831297534
375.37515862516545,5638.718598755474
375.73687696627894,5381.955519705001
376.0985582951716,5100.019589767227
376.4602025957185,4951.49976953215
376.8218098517952,4634.321848352155
377.1833800472768,4460.629177229776
377.5449131660387,4332.2476377045405
377.90640919195636,4040.2425674118463
378.2678681089049,3987.3795805485133
378.62928990075966,3919.4128831528
378.990674551396,3715.5127909656603
379.35202204468914,3556.9238303756624
379.71333236451454,3420.990435584236
380.0746054947474,3448.6805715602673
380.435841419263,3310.2298916801105
380.7970401219367,3176.8137819774142
381.15820158664377,3164.2273565337637
381.5193257972597,3000.603825766306
381.88041273765947,3083.6742336944
382.2414623917187,2935.1544134593223
382.60247474331254,2932.637128370592
382.9634497763162,2872.2222862410695
383.32438747460526,2789.1518783129754
383.68528782205493,2836.9802949988475
384.04615080254047,2716.150610739802
384.4069763999371,2675.87404932012
384.7677645981202,2726.219751094722
385.12851538096515,2572.6653606821847
385.48922873234727,2582.7345010371055
385.84990463614184,2577.699930859645
386.210543076224,2577.699930859645
386.57114403646926,2497.1468080202812
386.9317075007529,2449.3183913344087
387.2922334529502,2479.5258123991703
387.6527218769365,2421.6282553583774
388.013172756587,2431.697395713298
388.37358607577704,2351.144272873934
388.733961818382,2298.2812860106014
389.09429996827726,2313.384996542982
389.454600509338,2303.315856188062
389.8148634254395,2313.384996542982
390.1750887004572,2273.1084351233003
390.53527631826626,2197.5898824613964
390.8954262627421,2164.865176307905
391.25553851776004,2250.4528693247294
391.61561306719534,2240.3837289698085
391.97564989492327,2240.3837289698085
392.33564898481916,2252.970154413459
392.6956103207584,2205.141737727587
393.0555338866163,2177.4516017515557
393.41541966626806,2187.520742106476
393.775267643589,2172.4170315740953
394.1350778024545,2190.0380271952063
394.4948501267398,2099.415764000922
394.85458460032027,2127.1058999769534
395.2142812070712,2086.829338557271
395.5739399308679,2129.623185065683
395.9335607555857,2162.347891219175
396.2931436650998,2142.2096105093337
396.65268864328567,2041.518206960129
397.01219567401847,2086.829338557271
397.37166474117373,2046.5527771375894
397.73109582862645,2069.2083429361605
398.09048892025214,2064.1737727587
398.4498439999261,2069.2083429361605
398.8091610515236,2112.0021894445727
399.16844005891994,2086.829338557271
399.5276810059904,2071.7256280248907
399.8868838766104,2099.415764000922
400.2460486546551,2056.62191749251
400.605175324,2069.2083429361605
400.9642638685203,2101.933049089652
401.3233142720912,2049.0700622263194
401.6823265185882,2041.518206960129
402.04130059188645,2081.794768379811
402.40023647586145,2081.794768379811
402.75913415438833,2109.4849043558424
403.1179936113425,2041.518206960129
403.47681483059915,2114.5194745333024
403.8355977960337,2039.000921871399
404.19434249152147,1998.724360451717
404.55304890093777,2046.5527771375894
404.9117170081578,2039.000921871399
405.27034679705696,2008.7935008066374
405.62893825151053,2006.2762157179075
405.9874913553938,1976.068794653146
406.3460060925822,2101.933049089652
406.70448244695086,2056.62191749251
407.06292040237514,1996.2070753629869
407.4213199427304,2036.4836367826688
407.779681051892,2066.6910578474303
408.13800371373515,2023.8972113390182
408.49628791213524,1955.930513943305
408.8545336309674,2026.4144964277484
409.21274085410715,1930.7576630560036
409.5709095654297,2026.4144964277484
409.9290397488104,2074.2429131136205
410.28713138812446,2046.5527771375894
410.64518446724736,2086.829338557271
411.00319897005426,2013.8280709840976
411.36117488042044,2101.933049089652
411.7191121822214,1943.3440884996544
412.07701085933235,2066.6910578474303
412.4348708956286,1965.9996542982253
412.79269227498537,2003.7589306291773
413.1504749812781,2114.5194745333024
413.50821899838195,2003.7589306291773
413.86592431017243,2021.379926250288
414.22359090052475,2046.5527771375894
414.58121875331415,2033.9663516939388
414.93880785241595,1973.5515095644157
415.2963581817056,2039.000921871399
415.6538697250583,2114.5194745333024
416.01134246634945,2016.3453560728278
416.36877638945424,2074.2429131136205
416.7261714782479,2054.1046324037798
417.08352771660594,2001.241645540447
417.4408450884037,2033.9663516939388
417.79812357751626,2006.2762157179075
418.15536316781913,1968.5169393869555
418.5125638431875,2033.9663516939388
418.8697255874967,1953.4132288545748
419.2268483846221,2059.1392025812397
419.5839322184389,2026.4144964277484
419.94097707282265,2056.62191749251
420.29798293164833,2099.415764000922
420.65494977879143,2003.7589306291773
421.01187759812717,2056.62191749251
421.36876637353106,1986.1379350080663
421.72561608887827,1981.103364830606
422.082426728044,2076.7601982023507
422.43919827490373,2003.7589306291773
422.79593071333267,1991.1725051855267
423.15262402720623,2031.4490666052086
423.5092782003996,2064.1737727587
423.8658932167882,2026.4144964277484
424.22246906024725,1958.447799032035
424.57900571465206,2044.0354920488592
424.935503163878,1998.724360451717
425.2919613918004,2033.9663516939388
425.6483803822945,1986.1379350080663
426.00476011923564,2026.4144964277484
426.36110058649905,2044.0354920488592
426.71740176796015,2016.3453560728278
427.07366364749424,2013.8280709840976
427.4298862089766,2096.898478912192
427.7860694362825,2046.5527771375894
428.14221331328724,2074.2429131136205
428.4983178238663,1996.2070753629869
428.8543829518947,2023.8972113390182
429.21040868124794,2041.518206960129
429.56639499580143,1991.1725051855267
429.92234187943023,2084.3120534685413
430.2782493160098,2016.3453560728278
430.6341172894155,1993.6897902742567
430.98994578352244,2059.1392025812397
431.34573478220614,1993.6897902742567
431.70148426934173,2069.2083429361605
432.0571942288046,2006.2762157179075
432.4128646444701,2044.0354920488592
432.76849550021353,2031.4490666052086
433.12408677991004,1988.6552200967965
433.4796384674352,2066.6910578474303
433.8351505466642,2021.379926250288
434.1906230014723,2054.1046324037798
434.5460558157348,1973.5515095644157
434.9014489733271,2046.5527771375894
435.25680245812447,2026.4144964277484
435.61211625400216,1993.6897902742567
435.9673903448356,2074.2429131136205
436.3226247145,2074.2429131136205
436.67781934687065,1976.068794653146
437.032974225823,2041.518206960129
437.3880893352322,2008.7935008066374
437.7431646589737,2003.7589306291773
438.0982001809227,2018.862641161558
438.45319588495454,1960.9650841207651
438.80815175494456,1988.6552200967965
439.16306777476797,2056.62191749251
439.51794392830016,2008.7935008066374
439.8727801994165,2031.4490666052086
440.2275765719922,2044.0354920488592
440.5823330299026,2056.62191749251
440.93704955702304,2031.4490666052086
441.2917261372287,2076.7601982023507
441.64636275439506,2074.2429131136205
442.00095939239736,2039.000921871399
442.35551603511084,1986.1379350080663
442.710032666411,2008.7935008066374
443.0645092701729,1986.1379350080663
443.41894583027204,1973.5515095644157
443.7733423305836,2016.3453560728278
444.127698754983,1986.1379350080663
444.4820150873455,1986.1379350080663
444.83629131154635,2071.7256280248907
445.19052741146095,2028.9317815164784
445.54472337096456,1976.068794653146
445.8988791739325,2066.6910578474303
446.2529948042402,2006.2762157179075
446.6070702457627,2039.000921871399
446.9611054823755,2021.379926250288
447.3151004979539,2016.3453560728278
447.6690552763732,2046.5527771375894
448.02296980150857,1996.2070753629869
448.3768440572356,2011.3107858953676
448.73067802742935,2074.2429131136205
449.0844716959652,2026.4144964277484
449.43822504671846,1965.9996542982253
449.7919380635645,2026.4144964277484
450.14561073037856,2044.0354920488592
450.499243031036,1958.447799032035
450.85283494941206,2061.65648766997
451.20638646938215,2036.4836367826688
451.55989757482143,2051.5873473150496
451.9133682496054,2074.2429131136205
452.2667984776092,1996.2070753629869
452.6201882427082,2069.2083429361605
452.97353752877774,2021.379926250288
453.3268463196931,2033.9663516939388
453.6801145993296,2039.000921871399
454.0333423515625,2071.7256280248907
454.38652956026715,2001.241645540447
454.73967620931893,2018.862641161558
455.092782282593,2054.1046324037798
455.44584776396476,2011.3107858953676
455.7988726373096,2049.0700622263194
456.1518568865026,2059.1392025812397
456.5048004954193,2046.5527771375894
456.85770344793485,2023.8972113390182
457.21056572792463,1998.724360451717
457.56338731926405,2066.6910578474303
457.91616820582817,1996.2070753629869
458.26890837149244,2011.3107858953676
458.62160780013227,2069.2083429361605
458.9742664756228,2056.62191749251
459.3268843818395,2117.0367596220326
459.67946150265743,2021.379926250288
460.03199782195213,2104.450334178382
460.38449332359886,1996.2070753629869
460.73694799147285,2041.518206960129
461.08936180944954,2106.9676192671122
461.4417347614041,2013.8280709840976
461.79406683121186,2074.2429131136205
462.14635800274823,2061.65648766997
462.4986082598884,2044.0354920488592
462.8508175865078,2081.794768379811
463.20298596648166,2023.8972113390182
463.5551133836853,2154.7960359529848
463.9071998219941,2018.862641161558
464.25924526528314,2109.4849043558424
464.611249697428,2028.9317815164784
464.9632131023039,2104.450334178382
465.315135463786,2114.5194745333024
465.66701676574985,2046.5527771375894
466.01885699207065,2046.5527771375894
466.3706561266237,2162.347891219175
466.7224141532843,2084.3120534685413
467.07413105592775,2079.277483291081
467.42580681842935,2147.244180686794
467.7774414246646,2137.175040331874
468.1290348585085,2164.865176307905
468.4805871038365,2104.450334178382
468.832098144524,2167.3824613966353
469.1835679644462,2086.829338557271
469.5349965474785,2081.794768379811
469.88638387749603,2179.968886840286
470.2377299383743,2104.450334178382
470.58903471398855,2122.071329799493
470.94029818821394,2222.762733348698
471.2915203449261,2124.588614888223
471.642701168,2117.0367596220326
471.9938406413112,2169.899746485365
472.3449387487348,2220.245448259968
472.6959954741463,2129.623185065683
473.04701080142087,2190.0380271952063
473.3979847144339,2142.2096105093337
473.74891719706073,2157.3133210417145
474.0998082331766,2202.624452638857
474.4506578066568,2207.6590228163172
474.8014659013766,2242.9010140585387
475.15223250121153,2190.0380271952063
475.5029575900366,2247.935584235999
475.8536411517274,2260.5220096796497
476.20428317015904,2217.7281631712376
476.5548836292069,2275.6257202120305
476.90544251274633,2308.350426365522
477.25595980465255,2293.2467158331415
477.6064354888009,2313.384996542982
477.95686954906677,2268.07386494584
478.30726196932534,2315.9022816317124
478.657612733452,2358.6961281401245
479.00792182532206,2376.3171237612355
479.3581892288107,2371.282553583775
479.7084149277935,2358.6961281401245
480.05859890614556,2361.2134132288547
480.4087411477422,2474.49124222171
480.7588416364588,2406.5245448259966
481.1089003561706,2439.2492509794884
481.45891729075294,2343.5924176077438
481.8088924240812,2388.903549204886
482.15882574003047,2441.7665360682186
482.5087172224764,2492.112237842821
482.85856685529393,2519.802373818852
483.20837462235863,2567.6307905047247
483.5581405075458,2570.148075593455
483.9078644947305,2484.5603825766307
484.2575465677884,2539.9406545286934
484.60718671059453,2635.597487900438
484.9567849070243,2582.7345010371055
485.306341140953,2655.7357686102787
485.655855396256,2587.7690712145654
486.0053276568085,2605.3900668356764
486.35475790648593,2683.42590458631
486.7041461291635,2721.185180917262
487.0534923087166,2804.255588845356
487.40279642902044,2748.8753168932935
487.75205847395034,2774.0481677805947
488.1012784273818,2751.3926019820237
488.45045627318984,2842.014865176308
488.79959199525007,2917.533417838212
489.1486855774375,2909.981562572021
489.49773700362766,2872.2222862410695
489.84674625769577,2917.533417838212
490.19571332351705,3003.1211108550356
490.54463818496697,3030.811246831067
490.8935208259208,3025.776676653607
491.24236123025383,3118.9162249366213
491.59115938184135,3106.329799492971
491.9399152645587,3123.9507951140818
492.2886288622811,3186.8829223323346
492.63730015888405,3305.1953215026506
492.9859291382426,3277.5051855266192
493.3345157842323,3320.299032035031
493.6830600807283,3405.886725051855
494.031562011606,3516.6472689559805
494.3800215607407,3395.817584696935
494.7284387120077,3496.50898824614
495.07681344928216,3519.1645540447107
495.42514575643963,3662.649804102328
495.7734356173553,3642.5115233924867
496.12168301590447,3728.099216409311
496.4698879359625,3748.237497119152
496.8180503614047,3879.136321733118
497.1661702761063,3977.310440193593
497.5142476639427,3947.1030191288314
497.862282508789,4090.5882691864485
498.2102747945209,4060.380848121687
498.55822450501336,4151.003111315971
498.9061316241419,4213.9352385342245
499.2539961357817,4334.764922793271
499.60181802380805,4498.3884535607285
499.9495972720963,4513.492164093109
500.2973338645219,4750.116962433741
500.6450277849599,4800.462664208343
500.9926790172858,4855.842936160406
501.3402875453749,4893.602212491357
501.6878533531025,5102.536874855958
502.03537642434384,5110.088730122148
502.3828567429742,5407.128370592302
502.7302942928691,5424.749366213413
503.0776890579035,5623.614888223093
503.42504102195306,5814.928554966582
503.7723501688929,6079.243489283245
504.11961648259825,6066.657063839594
504.4668399469446,6257.970730583083
504.81402054580724,6416.559691173082
505.16115826306145,6597.80421756165
505.50825308258254,6967.845125604978
505.85530498824573,7071.053814242913
506.2023139639266,7292.574902051164
506.5492799935,7569.476261811477
506.89620306084163,7811.135630329569
507.24308314982665,8201.314819082738
507.5899202443303,8586.459437658446
507.93671432822805,8722.392832449874
508.2834653853951,9102.502880848122
508.6301733997069,9313.954828301452
508.97683835503864,9814.894560958746
509.32346023526554,10119.48605669509
509.6700390242631,10811.739456095875
510.0165747059065,10884.740723669049
510.36306726407116,11408.336022124913
510.7095166826323,11831.239917031575
511.05592294546517,12490.768610278867
511.4022860364451,12848.223092878543
511.7486059394475,13200.64300530076
512.0948826383477,14116.934777598524
512.4411161170209,14635.49550587693
512.7873063593426,15060.91668587232
513.1334533491878,15763.239225628025
513.479557070432,16332.145655681032
513.8256175069506,17097.40032265499
514.1716346426186,17668.824037796727
514.5176084613115,18552.391103941
514.8635389469047,19289.955634938928
515.2094260832735,19816.06821848352
515.5552698542929,20485.666052085733
515.9010702438386,21059.6070523162
516.2468272357858,21867.65556579857
516.5925408140096,22650.53122839364
516.9382109623855,23461.097026964737
517.2838376647888,24002.313321041715
517.6294209050948,24817.913689790275
517.9749606671787,25344.026273334868
518.3204569349159,25643.583198893753
518.6659096921818,26587.56510716755
519.0113189228515,26934.950449412307
519.3566846108006,27357.854344318966
519.7020067399039,28430.217792118
520.0472852940375,28108.005300760546
520.392520257076,28593.84132288546
520.737711612895,28853.12168702466
521.0828593453698,28732.292002765615
521.4279634383755,28926.122954597835
521.7730238757879,29011.71064761466
522.1180406414817,28984.020511638628
522.4630137193326,29157.713182761006
522.8079430932158,28946.261235307673
523.1528287470065,28324.491818391336
523.4976706645805,27753.068103249596
523.8424688298124,27959.485480525465
524.187223226578,27287.370361834524
524.5319338387526,27080.952984558655
524.8766006502111,26350.940308826917
525.2212236448293,25880.207997234385
525.565802806482,25323.88799262503
525.9103381190449,24407.596220327265
526.2548295663934,23826.103364830607
526.5992771324024,23410.751325190136
526.9436808009475,23126.298110163632
527.288040555904,22494.45955289237
527.6323563811471,21905.41484212952
527.976628260552,20981.571214565567
528.3208561779945,20400.07835906891
528.6650401173492,19765.72251670892
529.009180062492,19342.81862180226
529.3532759972979,18655.599792578934
529.6973279056423,18184.867480986402
530.0413357714003,17188.022585849274
530.3852995784478,17011.812629638167
530.7292193106593,16196.212260889606
531.073094951911,15743.100944918184
531.4169264860774,15143.987093800415
531.7607138970344,14801.636321733118
532.104457168657,13973.449527540908
532.4481562848204,13872.758123991704
532.7918112294001,13394.47395713298
533.1354219862714,12893.534224475685
533.4789885393095,12334.6969347776
533.82251087239,11891.654759161098
534.1659889693879,11398.266881769992
534.5094228141787,11395.749596681262
534.8528123906377,10746.290043788891
535.19615768264,10537.355381424291
535.539458674061,10210.108319889376
535.8827153487762,9887.89582853192
536.2259276906607,9560.648766997005
536.5690956835898,9140.262157179073
536.912219311439,8999.294192210187
537.2552985580835,8588.976722747177
537.5983334073984,8357.386494584005
537.9413238432594,7977.276446185757
538.2842698495416,7949.5863102097255
538.6271714101202,7556.889836367826
538.970028508871,7476.3367135284625
539.3128411296686,7194.400783590689
539.6556092563887,7020.708112468311
539.9983328729065,6824.359875547361
540.3410119630976,6668.288200046093
540.683646510837,6466.905392947684
541.0262365,6280.626296381654
541.3687819144619,6003.724936621341
541.7112827380985,5915.619958515787
542.0537389547844,5736.892717215948
542.3961505483953,5651.305024199124
542.7385175028065,5392.024660059921
543.0808398018933,5364.33452408389
543.4231174295306,5439.853076745794
543.7653503695943,5105.054159944688
544.1075386059595,4921.292348467388
544.4496821225014,4881.015787047707
544.7917809030955,4777.807098409772
545.1338349316169,4639.356418529615
545.4758441919412,4516.009449181839
545.8178086679433,4304.557501728509
546.1597283434988,4375.041484212952
546.5016032024829,4176.175962203272
546.843433228771,4118.278405162479
547.1852184062384,4015.0697165245447
547.5269587187603,3959.689444572482
547.868654150212,3853.963470845817
548.210304684469,3886.688176999309
548.5519103054063,3675.2362295459784
548.8934709968996,3675.2362295459784
549.2349867428239,3672.718944457248
549.5764575270547,3544.337404932012
549.9178833334672,3423.507720672966
550.2592641459368,3453.7151417377277
550.6005999483386,3393.3002996082046
550.941890724548,3353.0237381885227
551.2831364584405,3257.366904816778
551.6243371338912,3181.848352154874
551.9654927347755,3186.8829223323346
552.3066032449686,3106.329799492971
552.6476686483462,3151.640931090113
552.9886889287831,3063.5359529845587
553.3296640701549,2899.912422217101
553.6705940563367,2972.9136897902745
554.011478871204,2942.706268725513
554.3523184986319,2904.9469923945608
554.693112922496,2781.600023046785
555.0338621266714,2854.6012906199585
555.3745660950335,2796.7037335791656
555.7152248114576,2756.4271721594837
556.0558382598191,2741.323461627103
556.396406423993,2635.597487900438
556.7369292878548,2716.150610739802
557.0774068352799,2658.253053699009
557.4178390501435,2587.7690712145654
557.758225916321,2595.320926480756
558.0985674176875,2587.7690712145654
558.4388635381185,2577.699930859645
558.7791142614893,2522.3196589075824
559.1193195716752,2497.1468080202812
559.4594794525512,2471.97395713298
559.7995938879933,2497.1468080202812
560.1396628618762,2406.5245448259966
560.4796863580755,2444.2838211569488
560.8196643604663,2441.7665360682186
561.159596852924,2378.8344088499653
561.499483819324,2416.5936851809174
561.8393252435416,2361.2134132288547
562.1791211094519,2396.4554044710762
562.5188714009304,2323.4541368979026
562.8585761018523,2439.2492509794884
563.1982351960932,2300.7985710993316
563.537848667528,2313.384996542982
563.8774165000323,2356.1788430513943
564.2169386774814,2295.7640009218712
564.5564151837503,2247.935584235999
564.8958460027145,2303.315856188062
565.2352311182494,2195.0725973726667
565.5745705142303,2235.3491587923486
565.9138641745324,2225.2800184374278
566.2531120830309,2237.866443881079
566.5923142236015,2114.5194745333024
566.9314705801194,2210.1763079050475
567.2705811364594,2210.1763079050475
567.6096458764976,2164.865176307905
567.9486647841085,2177.4516017515557
568.287637843168,2200.1071675501266
568.6265650375512,2157.3133210417145
568.9654463511334,2172.4170315740953
569.30428176779,2134.6577552431436
569.6430712713961,2137.175040331874
569.9818148458273,2192.5553122839365
570.320512474959,2122.071329799493
570.6591641426659,2159.8306061304447
570.9977698328238,2185.003457017746
571.3363295293079,2177.4516017515557
571.6748432159936,2089.3466236460013
572.013310876756,2099.415764000922
572.3517324954705,2112.0021894445727
572.6901080560124,2094.3811938234617
573.028437542257,2127.1058999769534
573.3667209380798,2122.071329799493
573.7049582273559,2137.175040331874
574.0431493939607,2124.588614888223
574.3812944217694,2079.277483291081
574.7193932946574,2071.7256280248907
575.0574459965001,2164.865176307905
575.3954525111725,2081.794768379811
575.7334128225502,2094.3811938234617
576.0713269145085,2046.5527771375894
576.4091947709225,2089.3466236460013
576.7470163756676,2079.277483291081
577.0847917126192,2114.5194745333024
577.4225207656528,2124.588614888223
577.7602035186432,2091.8639087347315
578.0978399554659,2071.7256280248907
578.4354300599965,2051.5873473150496
578.7729738161102,2079.277483291081
579.1104712076818,1993.6897902742567
579.4479222185872,2008.7935008066374
579.7853268327016,2059.1392025812397
580.1226850339,1988.6552200967965
580.4599968060581,2041.518206960129
580.7972621330509,2054.1046324037798
581.1344809987542,2096.898478912192
581.4716533870427,2026.4144964277484
581.808779281792,2046.5527771375894
582.1458586668774,2049.0700622263194
582.4828915261742,2044.0354920488592
582.8198778435577,2026.4144964277484
583.1568176029032,2081.794768379811
583.493710788086,2016.3453560728278
583.8305573829813,2096.898478912192
584.1673573714647,2039.000921871399
584.5041107374113,2046.5527771375894
584.8408174646966,1958.447799032035
585.1774775371955,1996.2070753629869
585.5140909387837,2001.241645540447
585.8506576533364,2011.3107858953676
586.1871776647289,2056.62191749251
586.5236509568364,2071.7256280248907
586.8600775135344,2066.6910578474303
587.196457318698,2013.8280709840976
587.5327903562027,2018.862641161558
587.8690766099236,2026.4144964277484
588.2053160637364,2018.862641161558
588.5415087015159,2041.518206960129
588.8776545071379,2008.7935008066374
589.2137534644773,2036.4836367826688
589.5498055574096,1981.103364830606
589.8858107698102,2066.6910578474303
590.2217690855541,1983.6206499193363
590.557680488517,2076.7601982023507
590.8935449625739,2066.6910578474303
591.2293624916002,2064.1737727587
591.5651330594713,2046.5527771375894
591.9008566500625,2033.9663516939388
592.236533247249,2041.518206960129
592.5721628349062,2041.518206960129
592.9077453969094,2028.9317815164784
593.2432809171337,2046.5527771375894
593.5787693794546,2033.9663516939388
593.9142107677474,2074.2429131136205
594.2496050658874,2008.7935008066374
594.58495225775,1965.9996542982253
594.9202523272104,2026.4144964277484
595.255505258144,1993.6897902742567
595.5907110344259,1998.724360451717
595.9258696399316,2026.4144964277484
596.2609810585366,1991.1725051855267
596.5960452741156,1981.103364830606
596.9310622705444,2023.8972113390182
597.2660320316983,2001.241645540447
597.6009545414523,2036.4836367826688
597.9358297836819,1998.724360451717
598.2706577422626,2094.3811938234617
598.6054384010694,2023.8972113390182
598.9401717439779,2003.7589306291773
599.274857754863,2006.2762157179075
599.6094964176004,1960.9650841207651
599.9440877160654,2028.9317815164784
600.2786316341329,2039.000921871399
600.6131281556785,1958.447799032035
600.9475772645775,1981.103364830606
601.2819789447052,1988.6552200967965
601.6163331799369,1991.1725051855267
601.950639954148,1986.1379350080663
602.2848992512137,2026.4144964277484
602.6191110550093,2069.2083429361605
602.9532753494101,2031.4490666052086
603.2873921182916,2023.8972113390182
603.6214613455287,1950.8959437658448
603.9554830149971,2026.4144964277484
604.2894571105719,1996.2070753629869
604.6233836161285,2003.7589306291773
604.9572625155423,2028.9317815164784
605.2910937926883,2008.7935008066374
605.6248774314422,2041.518206960129
605.9586134156792,1996.2070753629869
606.2923017292744,2018.862641161558
606.6259423561033,1996.2070753629869
606.9595352800412,1991.1725051855267
607.2930804849631,2008.7935008066374
607.6265779547447,2001.241645540447
607.9600276732612,1965.9996542982253
608.2934296243878,2066.6910578474303
608.626783792,1963.4823692094953
608.9600901599729,2056.62191749251
609.293348712182,1898.032956902512
609.6265594325025,1960.9650841207651
609.9597223048097,2016.3453560728278
610.292837312979,1998.724360451717
610.6259044408856,2016.3453560728278
610.9589236724048,1965.9996542982253
611.2918949914119,1998.724360451717
611.6248183817825,1996.2070753629869
611.9576938273914,2011.3107858953676
612.2905213121145,2011.3107858953676
612.6233008198265,1981.103364830606
612.9560323344032,1950.8959437658448
613.2887158397197,2031.4490666052086
613.6213513196514,2094.3811938234617
613.9539387580734,2059.1392025812397
614.2864781388612,1968.5169393869555
614.6189694458899,2023.8972113390182
614.9514126630352,1998.724360451717
615.2838077741719,1978.5860797418761
615.6161547631758,1981.103364830606
615.948453613922,2081.794768379811
616.2807043102857,2023.8972113390182
616.6129068361423,1991.1725051855267
616.9450611753672,2061.65648766997
617.2771673118356,2054.1046324037798
617.6092252294228,2054.1046324037798
617.9412349120042,1988.6552200967965
618.273196343455,2054.1046324037798
618.6051095076505,1983.6206499193363
618.9369743884662,2003.7589306291773
619.268790969777,2028.9317815164784
619.6005592354588,1986.1379350080663
619.9322791693867,1958.447799032035
620.2639507554355,2074.2429131136205
620.5955739774813,2013.8280709840976
620.9271488193989,1991.1725051855267
621.2586752650636,2076.7601982023507
621.5901532983509,2046.5527771375894
621.9215829031359,2033.9663516939388
622.2529640632943,1953.4132288545748
622.5842967627011,1983.6206499193363
622.9155809852316,2001.241645540447
623.2468167147614,2046.5527771375894
623.5780039351655,1998.724360451717
623.9091426303191,2013.8280709840976
624.2402327840981,2023.8972113390182
624.5712743803771,1993.6897902742567
624.9022674030318,2001.241645540447
625.2332118359375,1996.2070753629869
625.5641076629695,2013.8280709840976
625.894954868003,2023.8972113390182
626.2257534349133,2008.7935008066374
626.5565033475757,1968.5169393869555
626.8872045898659,1996.2070753629869
627.2178571456586,1978.5860797418761
627.5484609988296,2069.2083429361605
627.879016133254,2016.3453560728278
628.2095225328069,1915.653952523623
628.5399801813641,1955.930513943305
628.8703890628004,2006.2762157179075
629.2007491609914,2011.3107858953676
629.5310604598125,1986.1379350080663
629.8613229431388,2076.7601982023507
630.1915365948457,1991.1725051855267
630.5217013988085,1996.2070753629869
630.8518173389024,1998.724360451717
631.1818843990029,2041.518206960129
631.5119025629851,1996.2070753629869
631.8418718147245,1988.6552200967965
632.1717921380963,2011.3107858953676
632.5016635169759,2016.3453560728278
632.8314859352384,2033.9663516939388
633.1612593767593,1981.103364830606
633.490983825414,1991.1725051855267
633.8206592650777,2059.1392025812397
634.1502856796255,1996.2070753629869
634.4798630529331,2013.8280709840976
634.8093913688754,2013.8280709840976
635.138870611328,1973.5515095644157
635.4683007641661,1981.103364830606
635.7976818112651,2021.379926250288
636.1270137365001,1963.4823692094953
636.4562965237467,2039.000921871399
636.7855301568799,1993.6897902742567
637.1147146197753,1943.3440884996544
637.443849896308,1973.5515095644157
637.7729359703534,2013.8280709840976
638.1019728257869,2081.794768379811
638.4309604464836,1943.3440884996544
638.7598988163188,2013.8280709840976
639.088787919168,1983.6206499193363
639.4176277389065,2044.0354920488592
639.7464182594094,2104.450334178382
640.0751594645523,2018.862641161558
640.4038513382103,2003.7589306291773
640.7324938642588,2059.1392025812397
641.061087026573,2018.862641161558
641.3896308090282,2028.9317815164784
641.7181251955001,1981.103364830606
642.0465701698635,2028.9317815164784
642.3749657159939,1996.2070753629869
642.7033118177665,2051.5873473150496
643.0316084590569,1991.1725051855267
643.3598556237401,2013.8280709840976
643.6880532956917,2016.3453560728278
644.0162014587868,2011.3107858953676
644.3443000969007,2023.8972113390182
644.6723491939089,2039.000921871399
645.0003487336866,2033.9663516939388
645.3282987001089,2031.4490666052086
645.6561990770514,1993.6897902742567
645.9840498483893,1973.5515095644157
646.3118509979979,1940.8268034109242
646.6396025097525,2054.1046324037798
646.9673043675284,2013.8280709840976
647.294956555201,1998.724360451717
647.6225590566457,1993.6897902742567
647.9501118557375,2049.0700622263194
648.2776149363519,2033.9663516939388
648.6050682823643,1938.309518322194
648.9324718776497,1986.1379350080663
649.2598257060838,1963.4823692094953
649.5871297515415,2011.3107858953676
649.9143839978983,1983.6206499193363
650.2415884290298,1996.2070753629869
650.5687430288108,1986.1379350080663
650.8958477811168,1978.5860797418761
651.2229026698234,1963.4823692094953
651.5499076788055,2023.8972113390182
651.8768627919387,1981.103364830606
652.203767993098,1981.103364830606
652.530623266159,1930.7576630560036
652.8574285949968,1968.5169393869555
653.1841839634868,1993.6897902742567
653.5108893555044,1973.5515095644157
653.8375447549247,2023.8972113390182
654.1641501456232,2074.2429131136205
654.4907055114753,2016.3453560728278
654.817210836356,1993.6897902742567
655.1436661041408,2008.7935008066374
655.4700712987051,2039.000921871399
655.7964264039238,2039.000921871399
656.1227314036726,1991.1725051855267
656.4489862818267,2054.1046324037798
656.7751910222613,1986.1379350080663
657.101345608852,2026.4144964277484
657.4274500254738,1976.068794653146
657.7535042560022,1988.6552200967965
658.0795082843125,2059.1392025812397
658.40546209428,2026.4144964277484
658.7313656697798,1965.9996542982253
659.0572189946873,2056.62191749251
659.3830220528781,2011.3107858953676
659.7087748282271,1960.9650841207651
660.0344773046098,1955.930513943305
660.3601294659015,1991.1725051855267
660.6857312959776,2011.3107858953676
661.0112827787133,1928.2403779672736
661.3367838979839,1973.5515095644157
661.6622346376649,1996.2070753629869
661.9876349816315,2003.7589306291773
662.3129849137586,2018.862641161558
662.6382844179221,1991.1725051855267
662.963533477997,2018.862641161558
663.2887320778586,1915.653952523623
663.6138802013825,1958.447799032035
663.9389778324437,1960.9650841207651
664.2640249549175,2099.415764000922
664.5890215526794,1996.2070753629869
664.9139676096047,2031.4490666052086
665.2388631095688,1930.7576630560036
665.5637080364467,2013.8280709840976
665.8885023741137,2011.3107858953676
666.2132461064454,2051.5873473150496
666.5379392173169,2018.862641161558
666.8625816906036,2049.0700622263194
667.1871735101809,2054.1046324037798
667.5117146599238,2064.1737727587
667.8362051237079,1963.4823692094953
668.1606448854085,1991.1725051855267
668.4850339289007,2001.241645540447
668.8093722380603,1988.6552200967965
669.1336597967619,1918.171237612353
669.4578965888812,2039.000921871399
669.7820825982935,1998.724360451717
670.1062178088741,1998.724360451717
670.4303022044982,1981.103364830606
670.7543357690413,1996.2070753629869
671.0783184863784,2026.4144964277484
671.4022503403852,1981.103364830606
671.7261313149368,2071.7256280248907
672.0499613939086,2023.8972113390182
672.3737405611757,2046.5527771375894
672.6974688006136,1925.7230928785434
673.0211460960976,1993.6897902742567
673.3447724315029,2033.9663516939388
673.6683477907048,1948.3786586771146
673.9918721575788,1955.930513943305
674.315345516,1971.0342244756857
674.6387678498438,1978.5860797418761
674.9621391429856,1988.6552200967965
675.2854593793005,1981.103364830606
675.6087285426642,1971.0342244756857
675.9319466169514,2089.3466236460013
676.255113586038,2016.3453560728278
676.5782294337988,1986.1379350080663
676.9012941441096,2044.0354920488592
677.2243077008454,2033.9663516939388
677.5472700878815,1955.930513943305
677.8701812890932,1960.9650841207651
678.1930412883561,1981.103364830606
678.5158500695453,1963.4823692094953
678.8386076165363,1948.3786586771146
679.1613139132039,2016.3453560728278
679.4839689434239,1978.5860797418761
679.8065726910713,2018.862641161558
680.1291251400215,1943.3440884996544
680.45162627415,1965.9996542982253
680.774076077332,2021.379926250288
681.0964745334427,2036.4836367826688
681.4188216263575,1971.0342244756857
681.7411173399518,1993.6897902742567
682.0633616581006,1991.1725051855267
682.3855545646799,2044.0354920488592
682.7076960435639,1965.9996542982253
683.029786078629,1913.1366674348928
683.3518246537498,2039.000921871399
683.6738117528018,1968.5169393869555
683.9957473596604,1928.2403779672736
684.3176314582009,1955.930513943305
684.6394640322986,2033.9663516939388
684.9612450658288,2021.379926250288
685.2829745426668,1981.103364830606
685.6046524466881,2006.2762157179075
685.9262787617677,1986.1379350080663
686.2478534717809,2028.9317815164784
686.5693765606031,2028.9317815164784
686.8908480121097,1963.4823692094953
687.212267810176,1986.1379350080663
687.5336359386772,1991.1725051855267
687.8549523814887,2036.4836367826688
688.1762171224857,1996.2070753629869
688.4974301455436,2028.9317815164784
688.8185914345379,1991.1725051855267
689.1397009733437,2039.000921871399
689.4607587458361,2031.4490666052086
689.7817647358906,2006.2762157179075
690.1027189273827,1920.6885227010832
690.4236213041875,1998.724360451717
690.7444718501803,2031.4490666052086
691.0652705492364,2008.7935008066374
691.3860173852313,1981.103364830606
691.7067123420401,2039.000921871399
692.0273554035382,2006.2762157179075
692.3479465536011,1998.724360451717
692.6684857761038,2006.2762157179075
692.9889730549215,1978.5860797418761
693.30940837393,1986.1379350080663
693.629791717004,2001.241645540447
693.9501230680194,1925.7230928785434
694.2704024108511,2011.3107858953676
694.5906297293745,2046.5527771375894
694.9108050074651,1986.1379350080663
695.2309282289981,1993.6897902742567
695.5509993778487,2016.3453560728278
695.8710184378926,1938.309518322194
696.1909853930046,2021.379926250288
696.5109002270601,1986.1379350080663
696.8307629239346,2008.7935008066374
697.1505734675032,2066.6910578474303
697.4703318416415,2016.3453560728278
697.7900380302245,2039.000921871399
698.1096920171277,1976.068794653146
698.4292937862265,2006.2762157179075
698.748843321396,1986.1379350080663
699.0683406065117,1950.8959437658448
699.3877856254487,1955.930513943305
699.7071783620825,1991.1725051855267
700.026518800288,1950.8959437658448
700.345806923941,2021.379926250288
700.6650427169167,2039.000921871399
700.9842261630903,1981.103364830606
701.303357246337,2008.7935008066374
701.6224359505323,1978.5860797418761
701.9414622595516,2074.2429131136205
702.26043615727,1991.1725051855267
702.5793576275631,1953.4132288545748
702.8982266543057,2031.4490666052086
703.2170432213736,2031.4490666052086
703.5358073126417,1993.6897902742567
703.8545189119857,2003.7589306291773
704.1731780032806,1988.6552200967965
704.4917845704018,1953.4132288545748
704.8103385972248,2023.8972113390182
705.1288400676247,1963.4823692094953
705.4472889654768,1993.6897902742567
705.7656852746567,1991.1725051855267
706.0840289790393,2018.862641161558
706.4023200625,1933.2749481447338
706.7205585089143,1978.5860797418761
707.0387443021575,1973.5515095644157
707.3568774261046,1928.2403779672736
707.6749578646313,2016.3453560728278
707.9929856016126,1953.4132288545748
708.3109606209241,1976.068794653146
708.6288829064408,1993.6897902742567
708.9467524420384,1910.6193823461626
709.264569211592,1976.068794653146
709.5823331989766,1968.5169393869555
709.900044388068,2021.379926250288
710.2177027627409,2003.7589306291773
710.5353083068715,1983.6206499193363
710.8528610043344,2001.241645540447
711.1703608390051,1955.930513943305
711.4878077947589,1993.6897902742567
711.8052018554712,2003.7589306291773
712.1225430050173,1958.447799032035
712.4398312272725,2003.7589306291773
712.7570665061121,2001.241645540447
713.0742488254114,1988.6552200967965
713.3913781690454,1993.6897902742567
713.7084545208899,1996.2070753629869
714.0254778648199,1918.171237612353
714.3424481847109,2059.1392025812397
714.6593654644381,1971.0342244756857
714.9762296878769,1913.1366674348928
715.2930408389025,1950.8959437658448
715.6097989013901,1925.7230928785434
715.9265038592156,2011.3107858953676
716.2431556962536,2013.8280709840976
716.5597543963796,2039.000921871399
716.8762999434691,1983.6206499193363
717.1927923213972,1976.068794653146
717.5092315140392,1958.447799032035
717.8256175052707,1963.4823692094953
718.1419502789668,2036.4836367826688
718.4582298190028,1882.9292463701313
718.7744561092541,1971.0342244756857
719.0906291335962,1971.0342244756857
719.4067488759039,2054.1046324037798
719.7228153200526,2031.4490666052086
720.0388284499179,1953.4132288545748
720.354788249375,2033.9663516939388
720.6706947022992,2039.000921871399
720.9865477925658,2013.8280709840976
721.3023475040501,1978.5860797418761
721.6180938206275,1908.1020972574327
721.933786726173,1978.5860797418761
722.2494262045624,2026.4144964277484
722.5650122396709,1958.447799032035
722.8805448153735,1940.8268034109242
723.1960239155454,1950.8959437658448
723.5114495240625,1981.103364830606
723.8268216247995,1981.103364830606
724.1421402016323,1996.2070753629869
724.4574052384357,1963.4823692094953
724.7726167190852,1973.5515095644157
725.0877746274562,2013.8280709840976
725.4028789474238,1948.3786586771146
725.7179296628636,1981.103364830606
726.032926757651,1978.5860797418761
726.3478702156607,2054.1046324037798
726.6627600207685,1963.4823692094953
726.9775961568494,1981.103364830606
727.292378607779,1973.5515095644157
727.6071073574326,1976.068794653146
727.9217823896852,1983.6206499193363
728.2364036884123,1958.447799032035
728.5509712374894,2013.8280709840976
728.8654850207915,1918.171237612353
729.1799450221944,2001.241645540447
729.4943512255727,1963.4823692094953
729.8087036148021,2006.2762157179075
730.1230021737579,2059.1392025812397
730.4372468863153,2016.3453560728278
730.7514377363498,1983.6206499193363
731.0655747077363,1978.5860797418761
731.3796577843507,2011.3107858953676
731.6936869500679,1991.1725051855267
732.0076621887633,1915.653952523623
732.3215834843123,1908.1020972574327
732.6354508205904,2041.518206960129
732.9492641814722,1968.5169393869555
733.2630235508337,2018.862641161558
733.5767289125499,1971.0342244756857
733.8903802504963,1965.9996542982253
734.2039775485479,1923.2058077898134
734.5175207905801,1976.068794653146
734.8310099604685,2001.241645540447
735.144445042088,1998.724360451717
735.4578260193143,2016.3453560728278
735.7711528760228,1948.3786586771146
736.0844255960882,1965.9996542982253
736.3976441633861,2013.8280709840976
736.710808561792,2011.3107858953676
737.023918775181,1955.930513943305
737.3369747874284,2006.2762157179075
737.6499765824096,1996.2070753629869
737.962924144,1973.5515095644157
738.2758174560747,1998.724360451717
738.5886565025091,1981.103364830606
738.9014412671786,2001.241645540447
739.2141717339587,1996.2070753629869
739.526847886724,2013.8280709840976
739.8394697093503,1940.8268034109242
740.152037185713,1973.5515095644157
740.4645502996872,1993.6897902742567
740.7770090351482,1971.0342244756857
741.0894133759715,2018.862641161558
741.4017633060322,1998.724360451717
741.7140588092057,2008.7935008066374
742.0262998693673,1938.309518322194
742.3384864703926,1993.6897902742567
742.6506185961564,2016.3453560728278
742.9626962305342,2031.4490666052086
743.2747193574014,1955.930513943305
743.5866879606332,2016.3453560728278
743.8986020241049,1953.4132288545748
744.210461531692,1976.068794653146
744.5222664672696,2018.862641161558
744.8340168147131,2026.4144964277484
745.1457125578978,1981.103364830606
745.457353680699,1998.724360451717
745.7689401669924,1971.0342244756857
746.0804720006524,1940.8268034109242
746.391949165555,2011.3107858953676
746.7033716455753,2023.8972113390182
747.0147394245887,1976.068794653146
747.3260524864705,1953.4132288545748
747.6373108150959,1993.6897902742567
747.9485143943402,2008.7935008066374
748.259663208079,2018.862641161558
748.5707572401872,1986.1379350080663
748.8817964745407,1993.6897902742567
749.1927808950142,1988.6552200967965
749.503710485483,2021.379926250288
749.8145852298228,1945.8613735883844
750.1254051119087,1986.1379350080663
750.436170115616,2003.7589306291773
750.7468802248201,2041.518206960129
751.0575354233963,2003.7589306291773
751.3681356952198,1991.1725051855267
751.6786810241662,2016.3453560728278
751.9891713941104,2028.9317815164784
752.299606788928,1973.5515095644157
752.6099871924943,1968.5169393869555
752.9203125886844,2023.8972113390182
753.2305829613737,2026.4144964277484
753.5407982944375,1991.1725051855267
753.8509585717512,2018.862641161558
754.1610637771902,2001.241645540447
754.4711138946294,2044.0354920488592
754.7811089079445,1950.8959437658448
755.0910488010106,2008.7935008066374
755.4009335577035,2066.6910578474303
755.7107631618978,1998.724360451717
756.0205375974691,2003.7589306291773
756.3302568482928,2028.9317815164784
756.639920898244,2026.4144964277484
756.9495297311983,1981.103364830606
757.2590833310306,1981.103364830606
757.5685816816167,1958.447799032035
757.8780247668316,1976.068794653146
758.1874125705506,1950.8959437658448
758.4967450766491,1998.724360451717
758.8060222690026,1968.5169393869555
759.1152441314861,1991.1725051855267
759.4244106479749,2041.518206960129
759.7335218023445,2008.7935008066374
760.0425775784702,1976.068794653146
760.3515779602271,2046.5527771375894
760.6605229314906,1978.5860797418761
760.9694124761362,1988.6552200967965
761.278246578039,2011.3107858953676
761.5870252210743,1976.068794653146
761.8957483891179,1965.9996542982253
762.2044160660444,1996.2070753629869
762.5130282357293,1955.930513943305
762.821584882048,2099.415764000922
763.1300859888759,2061.65648766997
763.4385315400883,1991.1725051855267
763.7469215195604,1981.103364830606
764.0552559111674,1965.9996542982253
764.3635346987849,2001.241645540447
764.671757866288,1988.6552200967965
764.9799253975522,1933.2749481447338
765.2880372764528,2003.7589306291773
765.5960934868647,2021.379926250288
765.9040940126636,1953.4132288545748
766.2120388377245,2016.3453560728278
766.5199279459233,2013.8280709840976
766.8277613211346,1948.3786586771146
767.1355389472342,2008.7935008066374
767.4432608080972,1993.6897902742567
767.750926887599,1950.8959437658448
768.0585371696149,1928.2403779672736
768.3660916380203,2011.3107858953676
768.6735902766902,2011.3107858953676
768.9810330695,1948.3786586771146
769.2884200003253,1993.6897902742567
769.595751053041,1991.1725051855267
769.9030262115227,1948.3786586771146
770.2102454596456,1948.3786586771146
770.5174087812852,1955.930513943305
770.8245161603164,2018.862641161558
771.131567580615,2003.7589306291773
771.4385630260559,1925.7230928785434
771.7455024805147,2036.4836367826688
772.0523859278667,2021.379926250288
772.3592133519867,1925.7230928785434
772.6659847367506,1983.6206499193363
772.9727000660334,1965.9996542982253
773.2793593237108,1870.3428209264807
773.5859624936575,1998.724360451717
773.8925095597493,1960.9650841207651
774.1990005058612,2044.0354920488592
774.5054353158689,1986.1379350080663
774.8118139736475,1973.5515095644157
775.118136463072,2011.3107858953676
775.4244027680182,1973.5515095644157
775.7306128723611,1983.6206499193363
776.036766759976,1960.9650841207651
776.3428644147384,1963.4823692094953
776.6489058205234,1973.5515095644157
776.9548909612065,2059.1392025812397
777.260819820663,1948.3786586771146
777.566692382768,2013.8280709840976
777.8725086313971,1988.6552200967965
778.1782685504256,1953.4132288545748
778.4839721237284,1971.0342244756857
778.7896193351812,2001.241645540447
779.0952101686592,1923.2058077898134
779.4007446080376,1965.9996542982253
779.7062226371918,1998.724360451717
780.0116442399972,2039.000921871399
780.3170094003289,2059.1392025812397
780.6223181020624,1948.3786586771146
780.9275703290731,1960.9650841207651
781.2327660652359,1981.103364830606
781.5379052944267,2041.518206960129
781.8429880005202,2041.518206960129
782.148014167392,1905.5848121687025
782.4529837789173,2003.7589306291773
782.7578968189717,1943.3440884996544
783.0627532714302,1993.6897902742567
783.3675531201682,2033.9663516939388
783.672296349061,2026.4144964277484
783.976982941984,1978.5860797418761
784.2816128828124,2003.7589306291773
784.5861861554217,1933.2749481447338
784.890702743687,1938.309518322194
785.1951626314835,2001.241645540447
785.4995658026869,1986.1379350080663
785.803912241172,1983.6206499193363
786.1082019308146,2018.862641161558
786.4124348554898,1976.068794653146
786.7166109990728,1928.2403779672736
787.0207303454391,2011.3107858953676
787.3247928784639,2003.7589306291773
787.6287985820226,1965.9996542982253
787.9327474399906,2056.62191749251
788.2366394362427,2046.5527771375894
788.5404745546549,2013.8280709840976
788.8442527791019,2018.862641161558
789.1479740934594,1981.103364830606
789.4516384816027,2011.3107858953676
789.7552459274068,1965.9996542982253
790.0587964147472,1943.3440884996544
790.3622899274994,1925.7230928785434
790.6657264495385,2049.0700622263194
790.9691059647399,2023.8972113390182
791.2724284569788,2036.4836367826688
791.5756939101304,1953.4132288545748
791.8789023080703,1981.103364830606
792.1820536346737,1925.7230928785434
792.4851478738158,2059.1392025812397
792.788185009372,2026.4144964277484
793.0911650252176,1963.4823692094953
793.3940879052279,1988.6552200967965
793.6969536332783,1925.7230928785434
793.999762193244,1996.2070753629869
794.3025135690006,2051.5873473150496
794.6052077444227,1938.309518322194
794.9078447033862,1915.653952523623
795.2104244297662,2016.3453560728278
795.5129469074382,2071.7256280248907
795.8154121202774,2008.7935008066374
796.117820052159,2011.3107858953676
796.4201706869585,2001.241645540447
796.722464008551,1950.8959437658448
797.0247000008119,2008.7935008066374
797.3268786476168,1960.9650841207651
797.6289999328405,2013.8280709840976
797.9310638403587,1973.5515095644157
798.2330703540464,1958.447799032035
798.535019457779,1971.0342244756857
798.836911135432,2054.1046324037798
799.1387453708805,1968.5169393869555
799.4405221479999,2008.7935008066374
799.7422414506656,2046.5527771375894
800.0439032627528,1983.6206499193363
800.3455075681367,2023.8972113390182
800.647054350693,1996.2070753629869
800.9485435942964,1996.2070753629869
801.2499752828228,1991.1725051855267
801.551349400147,1973.5515095644157
801.8526659301448,1988.6552200967965
802.1539248566911,2026.4144964277484
802.4551261636615,1930.7576630560036
802.756269834931,1938.309518322194
803.0573558543753,1923.2058077898134
803.3583842058695,1986.1379350080663
803.659354873289,1976.068794653146
803.960267840509,2013.8280709840976
804.2611230914047,1960.9650841207651
804.5619206098514,2008.7935008066374
804.8626603797248,2016.3453560728278
805.1633423848999,1971.0342244756857
805.463966609252,1963.4823692094953
805.7645330366565,1953.4132288545748
806.0650416509887,1945.8613735883844
806.365492436124,1945.8613735883844
806.6658853759374,1928.2403779672736
806.9662204543048,1918.171237612353
807.2664976551008,2033.9663516939388
807.5667169622012,1996.2070753629869
807.8668783594809,1960.9650841207651
808.1669818308156,1976.068794653146
808.4670273600805,2011.3107858953676
808.7670149311507,1918.171237612353
809.0669445279019,2021.379926250288
809.3668161342091,2003.7589306291773
809.6666297339476,1875.377391103941
809.9663853109931,2018.862641161558
810.2660828492205,1971.0342244756857
810.5657223325051,1973.5515095644157
810.8653037447224,2049.0700622263194
811.1648270697475,2011.3107858953676
811.464292291456,1925.7230928785434
811.7636993937231,1953.4132288545748
812.0630483604239,1918.171237612353
812.362339175434,1976.068794653146
812.6615718226285,1938.309518322194
812.9607462858829,2016.3453560728278
813.2598625490725,1958.447799032035
813.5589205960723,2041.518206960129
813.857920410758,1976.068794653146
814.1568619770046,2021.379926250288
814.4557452786876,1996.2070753629869
814.7545702996821,1976.068794653146
815.0533370238637,2008.7935008066374
815.3520454351076,1965.9996542982253
815.6506955172889,1988.6552200967965
815.9492872542833,2011.3107858953676
816.2478206299659,2001.241645540447
816.5462956282119,1986.1379350080663
816.8447122328968,1910.6193823461626
817.1430704278956,1925.7230928785434
817.4413701970841,2023.8972113390182
817.7396115243371,1993.6897902742567
818.0377943935302,2026.4144964277484
818.3359187885387,1918.171237612353
818.633984693238,1976.068794653146
818.9319920915032,1963.4823692094953
819.2299409672096,1968.5169393869555
819.5278313042328,2001.241645540447
819.8256630864478,1930.7576630560036
820.1234362977299,1976.068794653146
820.4211509219546,1973.5515095644157
820.7188069429969,2036.4836367826688
821.0164043447327,1938.309518322194
821.3139431110368,1933.2749481447338
821.6114232257845,1965.9996542982253
821.9088446728515,2013.8280709840976
822.2062074361128,2021.379926250288
822.5035114994439,1996.2070753629869
822.8007568467199,1978.5860797418761
823.0979434618162,2041.518206960129
823.3950713286081,2054.1046324037798
823.6921404309708,2008.7935008066374
823.9891507527798,1986.1379350080663
824.2861022779105,1920.6885227010832
824.5829949902378,1973.5515095644157
824.8798288736374,1998.724360451717
825.1766039119844,1955.930513943305
825.4733200891542,1955.930513943305
825.7699773890223,1983.6206499193363
826.0665757954636,1978.5860797418761
826.3631152923535,1940.8268034109242
826.6595958635675,1991.1725051855267
826.9560174929809,1950.8959437658448
827.2523801644688,1978.5860797418761
827.5486838619067,1940.8268034109242
827.8449285691698,1983.6206499193363
828.1411142701335,2023.8972113390182
828.437240948673,2039.000921871399
828.7333085886639,1971.0342244756857
829.0293171739811,2044.0354920488592
829.3252666885,1958.447799032035
829.6211571160961,1993.6897902742567
829.9169884406447,2006.2762157179075
830.2127606460209,1983.6206499193363
830.5084737161001,1958.447799032035
830.8041276347577,2001.241645540447
831.0997223858689,2028.9317815164784
831.395257953309,1981.103364830606
831.6907343209534,1968.5169393869555
831.9861514726776,1986.1379350080663
832.2815093923566,1978.5860797418761
832.5768080638657,1960.9650841207651
832.8720474710802,1948.3786586771146
833.1672275978756,1960.9650841207651
833.4623484281271,1945.8613735883844
833.75740994571,2016.3453560728278
834.0524121344997,2023.8972113390182
834.3473549783713,1950.8959437658448
834.6422384612003,2089.3466236460013
834.9370625668622,1945.8613735883844
835.2318272792321,1971.0342244756857
835.526532582185,1993.6897902742567
835.8211784595966,1923.2058077898134
836.1157648953421,2031.4490666052086
836.4102918732967,2016.3453560728278
836.7047593773359,1988.6552200967965
836.9991673913349,1978.5860797418761
837.293515899169,1978.5860797418761
837.5878048847136,1968.5169393869555
837.882034331844,1976.068794653146
838.1762042244355,2006.2762157179075
838.4703145463634,2041.518206960129
838.7643652815027,2026.4144964277484
839.0583564137293,1965.9996542982253
839.352287926918,1991.1725051855267
839.6461598049443,1976.068794653146
839.9399720316835,1998.724360451717
840.2337245910111,1930.7576630560036
840.527417466802,1920.6885227010832
840.8210506429319,2008.7935008066374
841.1146241032759,2011.3107858953676
841.4081378317096,1976.068794653146
841.7015918121077,1953.4132288545748
841.994986028346,1908.1020972574327
842.2883204642998,1915.653952523623
842.5815951038442,1923.2058077898134
842.8748099308547,1935.792233233464
843.1679649292063,1958.447799032035
843.4610600827747,2016.3453560728278
843.7540953754349,2041.518206960129
844.0470707910624,1963.4823692094953
844.3399863135327,1991.1725051855267
844.6328419267206,1940.8268034109242
844.9256376145017,1965.9996542982253
845.2183733607512,1963.4823692094953
845.5110491493446,2003.7589306291773
845.8036649641571,1933.2749481447338
846.0962207890639,1933.2749481447338
846.3887166079404,1950.8959437658448
846.6811524046619,1943.3440884996544
846.9735281631039,1988.6552200967965
847.2658438671415,1983.6206499193363
847.5580995006502,1983.6206499193363
847.850295047505,2008.7935008066374
848.1424304915812,1998.724360451717
848.4345058167544,2026.4144964277484
848.7265210068998,1993.6897902742567
849.0184760458927,1943.3440884996544
849.3103709176085,2021.379926250288
849.6022056059222,1930.7576630560036
849.8939800947094,2056.62191749251
850.1856943678454,2039.000921871399
850.4773484092057,1978.5860797418761
850.7689422026649,1958.447799032035
851.0604757320989,2033.9663516939388
851.3519489813829,1955.930513943305
851.6433619343921,1991.1725051855267
851.934714575002,1991.1725051855267
852.2260068870876,2026.4144964277484
852.5172388545245,1993.6897902742567
852.8084104611879,1930.7576630560036
853.0995216909532,2003.7589306291773
853.3905725276956,1968.5169393869555
853.6815629552906,2001.241645540447
853.9724929576132,1933.2749481447338
854.2633625185388,2023.8972113390182
854.5541716219427,1988.6552200967965
854.8449202517003,1965.9996542982253
855.1356083916869,2028.9317815164784
855.4262360257779,1988.6552200967965
855.7168031378484,1928.2403779672736
856.0073097117739,1981.103364830606
856.2977557314296,1945.8613735883844
856.588141180691,2076.7601982023507
856.8784660434329,1945.8613735883844
857.1687303035311,1960.9650841207651
857.4589339448607,1998.724360451717
857.7490769512972,2011.3107858953676
858.0391593067155,2016.3453560728278
858.3291809949915,1991.1725051855267
858.6191419999999,1963.4823692094953
858.9090423056165,1971.0342244756857
859.1988818957162,1983.6206499193363
859.4886607541748,2016.3453560728278
859.7783788648674,1968.5169393869555
860.068036211669,1963.4823692094953
860.3576327784551,2033.9663516939388
860.6471685491011,2028.9317815164784
860.9366435074824,2016.3453560728278
861.226057637474,1996.2070753629869
861.5154109229514,2018.862641161558
861.80470334779,1973.5515095644157
862.0939348958649,2011.3107858953676
862.3831055510515,1955.930513943305
862.6722152972254,1971.0342244756857
862.9612641182614,2021.379926250288
863.2502519980351,1998.724360451717
863.5391789204216,1968.5169393869555
863.8280448692964,1971.0342244756857
864.1168498285348,1998.724360451717
864.405593782012,1968.5169393869555
864.6942767136034,1996.2070753629869
864.9828986071843,2031.4490666052086
865.27145944663,2018.862641161558
865.5599592158159,1920.6885227010832
865.8483978986173,1996.2070753629869
866.1367754789093,1965.9996542982253
866.4250919405673,2013.8280709840976
866.7133472674666,2016.3453560728278
867.0015414434826,2013.8280709840976
867.2896744524904,1965.9996542982253
867.5777462783657,1955.930513943305
867.8657569049835,1983.6206499193363
868.1537063162192,2056.62191749251
868.4415944959482,1928.2403779672736
868.7294214280457,2051.5873473150496
869.0171870963869,1991.1725051855267
869.3048914848472,1933.2749481447338
869.592534577302,2011.3107858953676
869.8801163576264,1976.068794653146
870.167636809696,2094.3811938234617
870.455095917386,1983.6206499193363
870.7424936645715,2003.7589306291773
871.029830035128,1898.032956902512
871.3171050129309,1976.068794653146
871.6043185818553,2104.450334178382
871.8914707257769,2104.450334178382
872.1785614285704,2104.450334178382
